-- phpMyAdmin SQL Dump
-- version 5.1.1
-- https://www.phpmyadmin.net/
--
-- Host: 127.0.0.1
-- Waktu pembuatan: 10 Bulan Mei 2023 pada 11.51
-- Versi server: 10.4.22-MariaDB
-- Versi PHP: 7.4.27

SET SQL_MODE = "NO_AUTO_VALUE_ON_ZERO";
START TRANSACTION;
SET time_zone = "+00:00";


/*!40101 SET @OLD_CHARACTER_SET_CLIENT=@@CHARACTER_SET_CLIENT */;
/*!40101 SET @OLD_CHARACTER_SET_RESULTS=@@CHARACTER_SET_RESULTS */;
/*!40101 SET @OLD_COLLATION_CONNECTION=@@COLLATION_CONNECTION */;
/*!40101 SET NAMES utf8mb4 */;

--
-- Database: `mynews`
--

-- --------------------------------------------------------

--
-- Struktur dari tabel `admin`
--

CREATE TABLE `admin` (
  `ID_Admin` int(11) NOT NULL,
  `Username` varchar(25) NOT NULL,
  `Pass` varchar(16) NOT NULL,
  `Role` varchar(50) NOT NULL
) ENGINE=InnoDB DEFAULT CHARSET=utf8mb4;

--
-- Dumping data untuk tabel `admin`
--

INSERT INTO `admin` (`ID_Admin`, `Username`, `Pass`, `Role`) VALUES
(5, 'admin', 'admin', 'admin'),
(6, 'writer', '123', 'writer'),
(7, 'writer2', '123', 'writer'),
(8, 'admin2', '123', 'admin'),
(9, 'user', '123', 'user'),
(10, 'Zaki', '123', 'user');

-- --------------------------------------------------------

--
-- Struktur dari tabel `artikel`
--

CREATE TABLE `artikel` (
  `ID_Berita` int(11) NOT NULL,
  `ID_Admin` int(11) NOT NULL,
  `Judul` varchar(150) NOT NULL,
  `Jenis` varchar(50) NOT NULL,
  `Gambar` varchar(100) NOT NULL,
  `Waktu` date NOT NULL,
  `Isi` varchar(5000) NOT NULL
) ENGINE=InnoDB DEFAULT CHARSET=utf8mb4;

--
-- Dumping data untuk tabel `artikel`
--

INSERT INTO `artikel` (`ID_Berita`, `ID_Admin`, `Judul`, `Jenis`, `Gambar`, `Waktu`, `Isi`) VALUES
(7, 7, 'Jaksa Masuk Sekolah (JMS) di Madrasah Aliyah An Nu', 'berita', 'uploads/img2.jpg', '2023-05-28', 'Tes'),
(23, 6, 'Yuki Kato Minta Maaf ke Jessica Mila dan Yakup Has', 'artis', 'uploads/artis1.jpg', '2023-05-07', '<p><strong>JAKARTA</strong> - Pernikahan Jessica Mila dan Yakup&nbsp;Hasibuan hingga kini masih menjadi bahan perbincangan yang ramai di kalangan masyarakat. Bukan hanya Jessica Mila saja yang disorot oleh netizen, tetapi beberapa bridesmaidnya juga tak luput dari perhatian.</p><figure class=\"image\"><img src=\"https://s3-ap-southeast-1.amazonaws.com/images.accesstrade.co.id/4e0cb6fb5fb446d1c92ede2ed8780188/logo_20230120075449.png\" alt=\"Shopee\"></figure><p>Voucher Special Okezone</p><p>5.5 BAGI-BAGI CUAN</p><p>Diskon hingga 70% | Flash Sale Rp 99 | Gratis Ongkir Rp 0 | Big Brand Rush Hour Diskon s/d 80%</p><p><strong>S &amp; K</strong></p><p>LIHAT<br>KODE<strong>YSX</strong>Berakhir Sebelum<strong>📅 31 May 2023</strong></p><p>Selain Febby Rastanty yang disorot lantaran membantu untuk mengangkat gaun Mila di acara pemberkatan, netizen juga sibuk mencari sosok <a href=\"https://www.okezone.com/tag/yuki-kato\">Yuki Kato</a>. Pasalnya, gadis 28 tahun itu diketahui merupakan salah satu bridesmaid&nbsp;dari Jessica Mila namun ia justru tak menampakkan batang hidungnya dalam acara tersebut.</p><p>&nbsp;</p><p>&nbsp;</p><p>Advertisement: 0:29</p><p>&nbsp;</p><p>&nbsp;</p><p>Close Player<a href=\"https://unibots.in/\"><img src=\"https://cdn.unibotscdn.com/ubplayer/logo/ub.svg\" alt=\"Unibots.in\"></a></p><p>&nbsp;</p><p>baca juga:</p><p><img src=\"https://img.okezone.com/okz/300/content/2022/05/04/33/2589199/yuki-kato-bagikan-potret-lebaran-bareng-keluarga-ayahnya-bikin-salfok-vMvFuU2Fw8.jpg\" alt=\"\"><a href=\"https://celebrity.okezone.com/read/2022/05/04/33/2589199/yuki-kato-bagikan-potret-lebaran-bareng-keluarga-ayahnya-bikin-salfok\">Yuki Kato Bagikan Potret Lebaran Bareng Keluarga, Ayahnya Bikin Salfok</a></p><p>Baru-baru ini, Yuki Kato akhirnya angkat bicara terkait ketidakhadirannya dalam pernikahan sang sahabat. Melalui akun Instagram Storynya, bintang film .. ini tampak menyampaikan permintaan maafnya karena tak bisa hadir di momen pernikahan Mila dan Yakup.</p><p>\"Selamat atas pernikahannya, love birds!,\" tulis Yuki Kato.</p><p><img src=\"https://img.okezone.com/okz/500/library/images/2023/05/07/6atez6x1f0d9p7hsmqkn_18759.png\" alt=\"Yuki Kato\"></p><p>baca juga:</p><p><img src=\"https://img.okezone.com/okz/300/content/2022/03/15/33/2561916/biodata-dan-agama-yuki-kato-artis-cantik-keturunan-jepang-dikira-non-muslim-vS7B35Kbgq.jpg\" alt=\"\"><a href=\"https://celebrity.okezone.com/read/2022/03/15/33/2561916/biodata-dan-agama-yuki-kato-artis-cantik-keturunan-jepang-dikira-non-muslim\">Biodata dan Agama Yuki Kato, Artis Cantik Keturunan Jepang Dikira Non-Muslim</a></p><p>\"Aku sangat minta maaf karena tak bisa hadir, tapi ketahuilah bahwa kalian berdua ada di pikiran dan doaku saat kalian merayakan pernikahan sucimu,\" sambungnya.</p>'),
(25, 6, 'Hasil Timnas Indonesia U-22 vs Timor Leste U-22 di', 'olahraga', 'uploads/hasil.jpg', '2023-05-07', '<p><strong>PHNOM PENH </strong>– Tim Nasional <a href=\"https://www.okezone.com/tag/timnas-indonesia-u-22\">(Timnas) Indonesia U-22</a> menang telak 3-0 atas Timor Leste U-22 di laga lanjutan Grup A <a href=\"https://www.okezone.com/tag/sea-games-2023\">SEA Games 2023</a>, pada Minggu (7/5/2023) sore WIB. Bermain di Olympic Stadium, Phnom Penh, Kamboja, pasukan Indra Sjafri yang sempat melempem di babak pertama nyatanya berhasil mengamuk di babak kedua.</p><figure class=\"image\"><img src=\"https://s3-ap-southeast-1.amazonaws.com/images.accesstrade.co.id/4e0cb6fb5fb446d1c92ede2ed8780188/logo_20230120075449.png\" alt=\"Shopee\"></figure><p>Voucher Special Okezone</p><p>5.5 BAGI-BAGI CUAN</p><p>Diskon hingga 70% | Flash Sale Rp 99 | Gratis Ongkir Rp 0 | Big Brand Rush Hour Diskon s/d 80%</p><p><strong>S &amp; K</strong></p><p>LIHAT<br>KODE<strong>YSX</strong>Berakhir Sebelum<strong>📅 31 May 2023</strong></p><p>Ya, awalnya Timnas Indonesia U-22 kesulitan melawan Timor Leste meski unggul 1-0 di babak pertama berkat gol Ramadhan Sananta. Baru di babak kedua Garuda Muda mampu bangkit dan mencetak dua gol tambahan lewat brace Fajar Fathur.</p><p>&nbsp;</p><p>Pause</p><p>Unmute</p><p>&nbsp;</p><p>Loaded: 4.65%</p><p>&nbsp;</p><p>Remaining Time&nbsp;-11:21</p><p>Close Player<a href=\"https://unibots.in/\"><img src=\"https://cdn.unibotscdn.com/ubplayer/logo/ub.svg\" alt=\"Unibots.in\"></a></p><p>&nbsp;</p><p>Dengan kemenangan itu, Timnas Indonesia U-22 lolos ke semifinal SEA Games 2023.</p><p>baca juga:</p><p><img src=\"https://img.okezone.com/okz/300/content/2023/05/07/51/2809787/hasill-sea-games-2023-fajar-fathur-antar-timnas-indonesia-u-22-unggul-2-0-atas-timor-leste-oNCImoBWHe.jpg\" alt=\"\"><a href=\"https://bola.okezone.com/read/2023/05/07/51/2809787/hasil-sea-games-2023-fajar-fathur-antar-timnas-indonesia-u-22-unggul-2-0-atas-timor-leste\">Hasil SEA Games 2023: Fajar Fathur Antar Timnas Indonesia U-22 Unggul 2-0 atas Timor Leste</a></p><p><strong>Jalannya Pertandingan</strong></p><p><strong>Babak Pertama</strong></p><p>Timnas Indonesia U-22 masih memainkan sejumlah pemain andalan untuk melawan Timor Leste. Namun, beberapa posisi terlihat ada pergantian pemain.</p><p>Dengan skema tersebut, Garuda Muda justru kesulitan melawan Timor Leste. Pada awal laga, pasukan Indra Sjafri sempat beberapa kali mengancam gawang Timor Leste.</p><p>Namun, setelahnya Timor Leste benar-benar mengurung pertahanan Timnas Indonesia. Beberapa kali gawang Muhammad Adisatryo terancam.</p><p>Beruntung lini pertahanan Timnas Indonesia U-22 masih solid hingga sulit diruntuhkan. Beberapa peluang Timor Leste U-22 pun memang berbahaya, namun mereka gagal mengeksekusi kesempatan itu dengan baik.</p><p><img src=\"https://img.okezone.com/okz/500/library/images/2023/05/07/yjf1e5pyj6qt2qaweh1p_18832.jpg\" alt=\"Timnas Indonesia U-22 vs Timor Leste U-22\"></p><p>Pada saat laga ingin berakhir, Timnas Indonesia U-22 berhasil mencetak gol berkat aksi Ramadhan Sananta. Meneruskan umpan Fajar Fathur, Sananta melakukan sundulan yang masuk ke gawang Timor Leste.</p><p>Alhasil, skor 1-0 pun menutup babak pertama. Indra Sjafri tentunya tetap harus perlu melakukan sesuatu untuk membuat Timnas Indonesia U-22 bermain lebih baik di babak kedua, sebab mereka kesulitan melawan Timor Leste.</p><p>Perlu diingat, kemenangan atas Timor Leste U-22 akan memastikan skuad Garuda Muda lolos ke babak semifinal SEA Games 2023.</p>'),
(26, 6, 'Daftar Top Skor SEA Games 2023: Fajar Fathur Memim', 'olahraga', 'uploads/daftar top.jpg', '2023-05-07', '<p><strong>DAFTAR </strong>top skor<a href=\"https://www.okezone.com/tag/sea-games-2023\"> SEA Games 2023</a> menarik untuk diketahui. Apalagi ada dua nama pemain Tim Nasional (<a href=\"https://www.okezone.com/tag/timnas-indonesia-u-22\">Timnas) Indonesia U-22</a> yang menguasai peringkat pertama dan kedua dari daftar pencetak gol terbanyak di cabang olahraga (cabor) sepakbola putra SEA Games 2023 tersebut.</p><figure class=\"image\"><img src=\"https://s3-ap-southeast-1.amazonaws.com/images.accesstrade.co.id/4e0cb6fb5fb446d1c92ede2ed8780188/logo_20230120075449.png\" alt=\"Shopee\"></figure><p>Voucher Special Okezone</p><p>5.5 BAGI-BAGI CUAN</p><p>Diskon hingga 70% | Flash Sale Rp 99 | Gratis Ongkir Rp 0 | Big Brand Rush Hour Diskon s/d 80%</p><p><strong>S &amp; K</strong></p><p>LIHAT<br>KODE<strong>YSX</strong>Berakhir Sebelum<strong>📅 31 May 2023</strong></p><p>Pertama ada nama Muhammad Fajar Fathur Rahman yang kini bertengger di puncak klasemen daftar top skor SEA Games 2023. Pemain Borneo FC itu memimpin dengan torehan empat golnya.</p><p>&nbsp;</p><p>Pause</p><p>Unmute</p><p>&nbsp;</p><p>Loaded: 0.64%</p><p>&nbsp;</p><p>Remaining Time&nbsp;-10:16</p><p>Close Player<a href=\"https://unibots.in/\"><img src=\"https://cdn.unibotscdn.com/ubplayer/logo/ub.svg\" alt=\"Unibots.in\"></a></p><p>&nbsp;</p><p>baca juga:</p><p><img src=\"https://img.okezone.com/okz/300/content/2023/05/07/51/2809804/klasemen-grup-a-sea-games-2023-kelar-laga-timnas-indonesia-u-22-vs-timor-leste-nyaman-di-puncak-garuda-muda-kunci-tiket-ke-semifinal-lfYCx62qUE.jpg\" alt=\"\"><a href=\"https://bola.okezone.com/read/2023/05/07/51/2809804/klasemen-grup-a-sea-games-2023-kelar-laga-timnas-indonesia-u-22-vs-timor-leste-nyaman-di-puncak-garuda-muda-kunci-tiket-ke-semifinal\">Klasemen Grup A SEA Games 2023 Kelar Laga Timnas Indonesia U-22 vs Timor Leste: Nyaman di Puncak, Garuda Muda Kunci Tiket ke Semifinal</a></p><p>Gol pertama Fajar Fathur dicetak ketika Timnas Indonesia U-22 menang 3-0 atas Filipina. Lalu Fajar Fathur kembali bersinar di laga kontra Myanmar dengan mencetak satu gol dan membawa Garuda Muda menang 5-0.</p><p>Terbaru, Fajar Fathur mencetak brace kala Timnas Indonesia U-22 menang atas Timor Leste dalam laga yang berakhir pada Minggu (7/5/2023) sore WIB. Timnas Indonesia U-22 yang awalnya kesulitan meski sedang unggul 1-0 atas Timor Leste berhasil keluar dari tekanan berkat Fajar Fathur.</p><p><img src=\"https://img.okezone.com/okz/500/library/images/2023/05/07/getx7r6dcnwg4hs4umde_15632.jpg\" alt=\"Fajar Fathur Rahman\"></p><p>Fajar Fathur mencetak dua gol di laga tersebut dan mengunci kemenangan Timnas Indonesia U-22. Dalam laga tersebut, Fajar Fathur layak disebut man of the match, sebab bahkan gol pertama yang dicetak Ramadhan Sananta pun berawal dari assist Fajar Fathur.</p><p>Sementara itu, Sananta yang juga mencetak gol di laga Timnas Indonesia U-22 vs Timor Leste kini berada di peringkat kedua dalam daftar top skor SEA Games 2023. Pemain PSM Makassar itu tercatat sudah mengoleksi tiga gol.</p>'),
(27, 6, 'Klasemen Grup A SEA Games 2023 Kelar Laga Timnas Indonesia U-22 vs Timor Leste: Nyaman di Puncak, Garuda Muda Kunci Tiket ke Semifinal', 'olahraga', 'uploads/klasemen.jpg', '2023-05-07', '<p><strong>KLASEMEN </strong>Grup A <a href=\"https://www.okezone.com/tag/sea-games-2023\">SEA Games 2023</a> kelar laga <a href=\"https://www.okezone.com/tag/timnas-indonesia-u-22\">Timnas Indonesia U-22</a> vs Timor Leste menarik untuk diketahui. Sebab Garuda Muda yang baru saja menang 3-0 atas Timor Leste kini makin mantap bertengger di posisi puncak dengan koleksi sembilan poin.</p><figure class=\"image\"><img src=\"https://s3-ap-southeast-1.amazonaws.com/images.accesstrade.co.id/4e0cb6fb5fb446d1c92ede2ed8780188/logo_20230120075449.png\" alt=\"Shopee\"></figure><p>Voucher Special Okezone</p><p>5.5 BAGI-BAGI CUAN</p><p>Diskon hingga 70% | Flash Sale Rp 99 | Gratis Ongkir Rp 0 | Big Brand Rush Hour Diskon s/d 80%</p><p><strong>S &amp; K</strong></p><p>LIHAT<br>KODE<strong>YSX</strong>Berakhir Sebelum<strong>📅 31 May 2023</strong></p><p>Ya, Timnas Indonesia U-22 baru saja menang atas Timor Leste di laga lanjutan Grup A SEA Games 2023 pada Minggu (7/5/2023) sore WIB. Bermain di Olympic Stadium, Phnom Penh, Kamboja, pasukan Indra Sjafri menang 3-0 berkat gol dari Ramadhan Sananta dan brace Fajar Fathur.</p><p>&nbsp;</p><p>Pause</p><p>Unmute</p><p>&nbsp;</p><p>Loaded: 0.57%</p><p>&nbsp;</p><p>Remaining Time&nbsp;-11:27</p><p>Close Player<a href=\"https://unibots.in/\"><img src=\"https://cdn.unibotscdn.com/ubplayer/logo/ub.svg\" alt=\"Unibots.in\"></a></p><p>&nbsp;</p><p>baca juga:</p><p><img src=\"https://img.okezone.com/okz/300/content/2023/05/07/51/2809793/hasil-timnas-indonesia-u-22-vs-timor-leste-u-22-di-sea-games-2023-menang-3-0-garuda-muda-lolos-ke-semifinal-XGtNqkRaVR.jpg\" alt=\"\"><a href=\"https://bola.okezone.com/read/2023/05/07/51/2809793/hasil-timnas-indonesia-u-22-vs-timor-leste-u-22-di-sea-games-2023-menang-3-0-garuda-muda-lolos-ke-semifinal\">Hasil Timnas Indonesia U-22 vs Timor Leste U-22 di SEA Games 2023: Menang 3-0, Garuda Muda Lolos ke Semifinal</a></p><p>Hasil positif atas Timor Leste itu menjadi kemenangan ketiga Timnas Indonesia U-22 di fase grup. Hal itu berarti Garuda Muda masih sempurna karena mampu melibas tiga laga dengan kemenangan.</p><p>Luar biasanya lagi, tim asuhan Indra Sjafri itu masih clean sheet alias belum kebobolan sama sekali. Seperti saat melawan Filipina, Timnas Indonesia U-22 menang 3-0, lalu kala berjumpa Myanmar menang 5-0, dan terakhir dalam laga melawan Timor Leste, Garuda Muda ngamuk dan menang 5-0.</p><p>Kini Timnas Indonesia U-22 tinggal menyisakan satu pertandingan lagi di fase grup, yakni melawan tim tuan rumah Kamboja. Laga pamungkas Grup A SEA Games 2023 itu akan berlangsung pada Rabu 10 Mei 2023 pukul 19.00 WIB.</p><p><img src=\"https://img.okezone.com/okz/500/library/images/2023/05/07/3p2r550lvkxcu6qiz6u9_12692.jpg\" alt=\"Timnas Indonesia U-22 vs Timor Leste U-22\"></p><p>Meski masih menyisakan satu laga lagi, Timnas Indonesia U-22 sudah mengunci satu tiket ke semifinal. Laga melawan Kamboja pun akan menentukan apakah Timnas Indonesia U-22 bisa menjadi jawara grup atau tidak.</p><p>Pada posisi kedua sendiri saat ini masih dikuasai oleh Kamboja yang baru memainkan dua laga. Tim tuan rumah baru akan memainkan laga ketiganya malam ini, pukul 19.00 WIB dengan melawan Myanmar.</p>'),
(28, 6, 'Profil Dine Mutiara Istri Sahrul Gunawan, CEO Rumah Sakit dengan Dua Anak', 'artis', 'uploads/profil.jpg', '2023-05-07', '<p><strong>JAKARTA</strong> - <a href=\"https://www.okezone.com/tag/Sahrul-Gunawan\">Sahrul Gunawan</a> dan Dine Mutiara akhirnya resmi sah menjadi pasangan suami istri. Pernikahan yang digelar tertutup di Gedong Putih, Kabupaten Bandung Barat (KBB), ini banyak membuat netizen penasaran.</p><p>Tak terkecuali tentang sosok Dine Mutiara yang kini telah sah menjadi istri Sahrul Gunawan. Siapa sangka, bak memang sudah ditakdirkan berjodoh, status Dine juga sama seperti Sahrul.</p><p>&nbsp;</p><p>Pause</p><p>Unmute</p><p>&nbsp;</p><p>Loaded: 6.39%</p><p>&nbsp;</p><p>Remaining Time&nbsp;-11:22</p><p>Close Player<a href=\"https://unibots.in/\"><img src=\"https://cdn.unibotscdn.com/ubplayer/logo/ub.svg\" alt=\"Unibots.in\"></a></p><p>&nbsp;</p><p>baca juga:</p><p><img src=\"https://img.okezone.com/okz/300/content/2023/05/06/33/2809438/sah-sahrul-gunawan-resmi-jadi-suami-dine-mutiara-xF5Vgdt8Vx.jpeg\" alt=\"\"><a href=\"https://celebrity.okezone.com/read/2023/05/06/33/2809438/sah-sahrul-gunawan-resmi-jadi-suami-dine-mutiara\">Sah, Sahrul Gunawan Resmi Jadi Suami Dine Mutiara</a></p><p><img src=\"https://img.okezone.com/okz/500/library/images/2023/05/06/y9gnhytuvylmiki89ioq_12021.jpeg\" alt=\"Profil Dine Mutiara, istri Sahrul Gunawan\"></p><p>Jika Sahrul Gunawan merupakan seorang duda tiga anak, Dine ternyata merupakan seorang janda yang telah memiliki dua anak dari pernikahan sebelumnya.</p><p>Namun tak banyak yang tahu, bahwa Dine Mutiara merupakan bos dari salah satu rumah sakit, yakni CEO dari AMC Hospital, yang berada di Jalan Raya Cileunyi No.01 Bandung.</p><p>Perempuan kelahiran Jakarta, 21 Desember 1980 ini juga menjabat sebagai ketua TPPS (Tim Percepatan Penurunan Stunting) sehingga sering berkunjung ke berbagai rumah sakit yang ada di Bandung.</p><p>Tak hanya sebagai CEO di rumah sakit, Dine Mutiara juga merupakan seorang politisi perempuan, yakni Wakil Ketua Partai Demokrat DPD Jawa Barat. Ia merupakan lulusan Magister Manajemen Bisnis Universitas Katolik Parahyangan.</p><p>Dine juga kerap membagikan potret kesehariannya melalui akun Instagramnya, @dine.pearl. Dari beberapa unggahannya terlihat, perempuan satu ini memiliki gaya hidup nan mewah dan tampilan fashion yang berkelas.</p>'),
(29, 6, 'Dilaporkan Tenri Anisa ke Polisi, Virgoun Janji Akan Kooperatif', 'olahraga', 'uploads/virgoun.jpg', '2023-05-03', '<p><strong>JAKARTA</strong> - Tenri Ajeng Anisa turut melaporkan <a href=\"https://www.okezone.com/tag/virgoun\">Virgoun</a> ke Polda Metro Jaya pada Jumat, 5 Mei 2023 kemarin. Wanita yang dituding sebagai pelakor dalam rumah tangga Virgoun dan Inara Rusli itu diketahui melaporkan pasangan tersebut atas tudingan pencemaran nama baik.</p><figure class=\"image\"><img src=\"https://s3-ap-southeast-1.amazonaws.com/images.accesstrade.co.id/4e0cb6fb5fb446d1c92ede2ed8780188/logo_20230120075449.png\" alt=\"Shopee\"></figure><p>Voucher Special Okezone</p><p>5.5 BAGI-BAGI CUAN</p><p>Diskon hingga 70% | Flash Sale Rp 99 | Gratis Ongkir Rp 0 | Big Brand Rush Hour Diskon s/d 80%</p><p><strong>S &amp; K</strong></p><p>LIHAT<br>KODE<strong>YSX</strong>Berakhir Sebelum<strong>📅 31 May 2023</strong></p><p>Usai dilaporkan, Virgoun dan juga tim kuasa hukumnya mengaku sudah mengetahui hal tersebut. Namun, Sandy Arifin mengaku masih belum bisa berkata banyak terkait laporan Tenri Anisa, lantaran ia sendiri belum mempelajari laporan tersebut.</p><p>&nbsp;</p><p>Loaded: 10.37%</p><p>\"Kami sudah mendapat kabar, informasi, insyaallah kami dari tim kuasa hukum Virgoun hari Senin akan mengkonfirmasi, mempelajari laporan bilamana memang klein kami memang dilaporkan,\" kata Sandy Arifin, selaku kuasa hukum Virgoun saat ditemui beberapa waktu lalu.\"Beliau juga sudah tahu, intinya kita menghormati proses hukum bilamana ada laporan,\" lanjutnya.</p><p><img src=\"https://img.okezone.com/okz/500/library/images/2020/11/19/rvgdf0p8bbbu9onsny9x_21884.jpg\" alt=\"Virgoun\"></p><p>baca juga:</p><p><img src=\"https://img.okezone.com/okz/300/content/2023/05/05/33/2808789/bantah-settingan-tenri-anisa-mantap-laporkan-virgoun-dan-inara-rusli-PTCSlIJXkF.jpg\" alt=\"\"><a href=\"https://celebrity.okezone.com/read/2023/05/05/33/2808789/bantah-settingan-tenri-anisa-mantap-laporkan-virgoun-dan-inara-rusli\">Bantah Settingan, Tenri Anisa Mantap Laporkan Virgoun dan Inara Rusli</a></p><p>Sementara itu, Sandy memastikan jika pihaknya akan kooperatif apabila Virgoun kelak mendapatkan panggilan untuk menjalani pemeriksaan oleh pihak kepolisian.</p><p>\"Bila juga ada panggilan kami akan kooperatif, akan menghormati proses penyidikan, misalnya memang ada laporan yang dilaporkan kepada klien kami,\" bebernya.</p>'),
(30, 7, 'Penerbangan Reguler Selama KTT ASEAN di Labuan Bajo', 'politik', 'uploads/penerbangan.jpg', '2023-05-03', '<p><strong>JAKARTA - </strong><a href=\"https://www.okezone.com/tag/menhub\"><strong>Menteri Perhubungan</strong></a> (Menhub) Budi Karya Sumadi memastikan tidak menutup penerbangan reguler selama penyelenggaraan Konferensi Tingkat Tinggi (KTT) ke-42 ASEAN 2023 di Labuan Bajo, Manggarai Barat, Nusa Tenggara Timur (NTT) pada 9 hingga 11 Mei 2023 mendatang.</p><p>“Selama kegiatan<a href=\"https://www.okezone.com/tag/ktt-asean\"><strong> KTT ASEAN </strong></a>berlangsung, kami tidak menutup akses penerbangan reguler dari dan ke Labuan Bajo, bahkan operasional bandara kami buka 24 jam dan ada penambahan atau extra flight, untuk penerbangan reguler,” ujar Menhub dalam keterangan resminya, Minggu (7/5/2023).</p><p>Meski begitu, Menhub mengatakan akan melakukan pengaturan dan pemenuhan aspek keselamatan, keamanan, dan kelancaran lima jenis penerbangan yaitu VVIP, militer, charter, private, maupun penerbangan reguler.</p><p>baca juga:</p><p><img src=\"https://img.okezone.com/okz/300/content/2023/05/07/337/2809813/jelang-ktt-asean-menhub-jamin-keamanan-lalu-lintas-penerbangan-bWZkhpwQVK.jpg\" alt=\"\"><a href=\"https://nasional.okezone.com/read/2023/05/07/337/2809813/jelang-ktt-asean-menhub-jamin-keamanan-lalu-lintas-penerbangan\">Jelang KTT ASEAN, Menhub Jamin Keamanan Lalu Lintas Penerbangan</a></p><p>“Di satu sisi, kami berupaya meminimalkan dampak gangguan penerbangan para tamu undangan dan delegasi. Di sisi lain, kami juga berupaya semaksimal mungkin agar masyarakat masih bisa masih bisa berwisata menikmati keindahan Labuan Bajo di saat penyelenggaraan KTT ASEAN. Ini adalah momentum yang baik untuk mempromosikan Labuan Bajo secara nasional maupun internasional,” kata Menhub.</p>'),
(31, 7, 'Jelang KTT ASEAN, Menhub Jamin Keamanan Lalu Lintas Penerbangan', 'politik', 'uploads/jelang.jpg', '2023-05-02', '<p>(Menhub) Budi Karya Sumadi pun menjamin keamanan lalu lintas penerbangan dari dan ke Bandara Komodo, Labuan Bajo. Kesiapan itu telah dilaporkan Menhub kepada Presiden Jokowi saat peninjauan lokasi <a href=\"https://www.okezone.com/tag/ktt-asean\"><strong>KTT ASEAN</strong></a>, Minggu (7/5/2023).</p><p>Menhub mengatakan akan melakukan pemenuhan aspek keselamatan, keamanan dan kelancaran lima jenis penerbangan yaitu VVIP, militer, charter, private, maupun penerbangan reguler. Bahkan, telah dilakukan sejumlah pengaturan untuk menyeimbangkan pergerakan kelima jenis penerbangan tersebut.</p><p>“Selama kegiatan KTT ASEAN berlangsung, kami tidak menutup akses penerbangan reguler dari dan ke Labuan Bajo, bahkan operasional bandara kami buka 24 jam dan ada penambahan atau extra flight, untuk penerbangan reguler,” ujar Menhub dalam keterangan resminya.</p><p>Pengaturan tersebut tertuang dalam Surat Edaran (SE) Direktur Jenderal Perhubungan Udara Nomor SE 6 Tahun 2023 tentang Pengaturan Operasional Penerbangan Selama Penyelenggaraan KTT ASEAN ke-42 Tahun 2023 di Bandar Udara Komodo, Labuan Bajo, yang telah diterbitkan pada 18 April 2023 dan mulai berlaku pada 7 sampai 13 Mei 2023.</p>'),
(32, 7, 'Elite PAN Sebut Erick Thohir Sosok yang Dibutuhkan Indonesia', 'politik', 'uploads/erick.jpg', '2023-05-02', '<p><strong>JAKARTA </strong>- Wakil Ketua Umum PAN Yandri Susanto, mendoakan agar<a href=\"https://www.okezone.com/tag/erick-thohir\"><strong>&nbsp;</strong></a>mendoakan agar Menteri BUMN yang juga Ketua Umum (Ketum) PSSI, <a href=\"https://www.okezone.com/tag/erick-thohir\"><strong>Erick Thohir</strong></a> sebagai Wakil Presiden. Elite&nbsp;<a href=\"https://www.okezone.com/tag/pan\"><strong>PAN </strong></a>itu pun menyebut bahwa sosok seperti Erick Thohir dibutuhkan Indonesia.</p><figure class=\"image\"><img src=\"https://s3-ap-southeast-1.amazonaws.com/images.accesstrade.co.id/4e0cb6fb5fb446d1c92ede2ed8780188/logo_20230120075449.png\" alt=\"Shopee\"></figure><p>Voucher Special Okezone</p><p>5.5 BAGI-BAGI CUAN</p><p>Diskon hingga 70% | Flash Sale Rp 99 | Gratis Ongkir Rp 0 | Big Brand Rush Hour Diskon s/d 80%</p><p><strong>S &amp; K</strong></p><p>LIHAT<br>KODE<strong>YSX</strong>Berakhir Sebelum<strong>📅 31 May 2023</strong></p><p>\"Republik ini butuh sosok Bang Erick Thohir, saya mendoakan insyaallah besok menjadi wakil presiden,” ujar Yandri dilansir Antara, Minggu (7/5/2023).</p><p>Yandri mengatakan, Erick Thohir sosok yang mampu memberikan kesejukan dan menentramkan bagi seluruh masyarakat Indonesia. Karenanya, pemimpin andalan dan kepercayaan Presiden Jokowi ini dinyatakan oleh Yandri cocok untuk menjadi pendamping presiden selanjutnya.</p><p>\"Kami lihat, sosok Bang Erick Thohir ini sangat menyejukkan dan menenteramkan buat kita semua,\" ujarnya.</p><p>baca juga:</p><p><img src=\"https://img.okezone.com/okz/300/content/2023/05/07/320/2809803/pertumbuhan-ekonomi-asean-belum-kebal-krisis-global-OiIx9F195U.jpg\" alt=\"\"><a href=\"https://economy.okezone.com/read/2023/05/07/320/2809803/pertumbuhan-ekonomi-asean-belum-kebal-krisis-global\">Pertumbuhan Ekonomi ASEAN Belum Kebal Krisis Global</a></p><p>Seperti diketahui, Erick Thohir menjadi salah satu sosok pemimpin potensial untuk menjadi Wakil Presiden Indonesia selanjutnya. Berdasarkan hasil survei berbagai lembaga, nama Erick Thohir berada di posisi teraras dalam bursa cawapres Pilpres 2024.</p><p>baca juga:</p><p><img src=\"https://img.okezone.com/okz/300/content/2023/05/07/320/2809803/pertumbuhan-ekonomi-asean-belum-kebal-krisis-global-OiIx9F195U.jpg\" alt=\"\"><a href=\"https://economy.okezone.com/read/2023/05/07/320/2809803/pertumbuhan-ekonomi-asean-belum-kebal-krisis-global\">Pertumbuhan Ekonomi ASEAN Belum Kebal Krisis Global</a></p><p>Seperti diungkapkan oleh hasil survei bulan April Poltracking Indonesia, Erick Thohir berada di posisi pertama bursa cawapres dengan elektabilitas 17,1 persen. Ia mengungguli para politisi lama seperti Gubernur Jawa Barat (Jabar) Ridwan Kamil, Menparekraf Sandiaga Uno dan Ketum Partai Demokrat Agus Harimurti Yudhoyono (AHY).</p>');

-- --------------------------------------------------------

--
-- Struktur dari tabel `berita`
--

CREATE TABLE `berita` (
  `ID_Berita` int(11) NOT NULL,
  `ID_Admin` int(11) NOT NULL,
  `Jenis` varchar(50) NOT NULL,
  `Gambar` varchar(100) NOT NULL,
  `Judul` varchar(100) NOT NULL,
  `Tanggal` date NOT NULL,
  `Isi` varchar(5000) NOT NULL
) ENGINE=InnoDB DEFAULT CHARSET=utf8mb4;

--
-- Dumping data untuk tabel `berita`
--

INSERT INTO `berita` (`ID_Berita`, `ID_Admin`, `Jenis`, `Gambar`, `Judul`, `Tanggal`, `Isi`) VALUES
(6, 8, 'berita', 'uploads/img2.jpg', 'Jaksa Masuk Sekolah (JMS) di Madrasah Aliyah An Nu', '0000-00-00', ''),
(10, 8, 'artis', 'uploads/atta.jpg', 'Selamat Aurel Hermansyah Hamil Anak Kedua, Atta Ha', '0000-00-00', '<p>Teka-teki mengenai&nbsp;kabar kehamilan Aurel Hermansyah akhirnya terjawab sudah. Istri <a href=\"https://www.liputan6.com/tag/atta-halilintar\">Atta Halilintar</a> tersebut saat ini sedang mengandung anak kedua.</p><p>Kabar ini disampaikan langsung oleh Atta Halilintar melalui akun Instagram terverifikasi miliknya. Kehamilan <a href=\"https://www.liputan6.com/tag/aurel-hermansyah\">Aurel Hermansyah</a> tentu merupakan anugerah indah dari Tuhan.</p><p>\"<i>Merinding... </i><a href=\"https://www.liputan6.com/tag/aurel-hermansyah\"><i>Ameena</i></a><i> Punya Ade!!!! Alhamdulillah ya Allahhh.. Dari berdua jadi bertiga, Dan sekarang akan jadi berempat,</i>\" tulis Atta Halilintar di akun Instgaramnya, Minggu (7/5/2023).</p><p>Bersama keterangan itu, dia menyertakan foto bersama Aurel yang sedang memegang alat tes kehamilan. Hasil tes tersebut juga sudah diperkuat dengan pemeriksaan USG.</p><p>Dalam kalimat selanjutnya, Atta meminta warganet untuk ikut mendoakan kondisi Aurel Hermansyah juga calon buah hati yang sedang dikandungnya. Saat ini, kehamilan Aurel baru memasuki trimester kedua.</p><p>\"<i>Doain Ibu dan bainya sehat terus ya..... (kandungannya menuju 4 bulan),</i>\" Atta Halilintar mengakhiri pernyataan.</p>'),
(19, 8, 'artis', 'uploads/gabriel-prince-buka-suara-terkait-isu-gay-usai-foto-ciumannya-beredar-4KdPwv2C7B.jpg', 'Gabriel Prince Buka Suara Terkait Isu Gay, Usai Fo', '0000-00-00', '<p>Selebgram sekaligus artis peran <a href=\"https://www.okezone.com/tag/gabriel-prince\">Gabriel Prince</a> mendadak jadi sorotan. Hal tersebut terjadi lantaran pria 18 tahun ini diisukan merupakan seorang gay alias penyuka sesama jenis.</p><figure class=\"image\"><img src=\"https://s3-ap-southeast-1.amazonaws.com/images.accesstrade.co.id/4e0cb6fb5fb446d1c92ede2ed8780188/logo_20230120075449.png\" alt=\"Shopee\"></figure><p>Voucher Special Okezone</p><p>5.5 BAGI-BAGI CUAN</p><p>Diskon hingga 70% | Flash Sale Rp 99 | Gratis Ongkir Rp 0 | Big Brand Rush Hour Diskon s/d 80%</p><p><strong>S &amp; K</strong></p><p>LIHAT<br>KODE<strong>YSX</strong>Berakhir Sebelum<strong>📅 31 May 2023</strong></p><p>Bukan tanpa sebab, putra dari Natalie Margareth mendapat tudingan seperti itu. Pasalnya, baru-baru ini sempat muncul foto dirinya yang diduga tengah ciuman dengan seorang laki-laki dan beredar luas di sosial media.</p><p>&nbsp;</p><p>Pause</p><p>Unmute</p><p>&nbsp;</p><p>Loaded: 5.91%</p><p>&nbsp;</p><p>Remaining Time&nbsp;-19:58</p><p>Close Player<a href=\"https://unibots.in/\"><img src=\"https://cdn.unibotscdn.com/ubplayer/logo/ub.svg\" alt=\"Unibots.in\"></a></p><p>&nbsp;</p><p>baca juga:</p><p><img src=\"https://img.okezone.com/okz/300/content/2023/03/27/33/2788022/tak-memandang-fisik-gabriel-prince-ungkap-kriteria-wanita-idaman-FTM8bEyMFl.jpg\" alt=\"\"><a href=\"https://celebrity.okezone.com/read/2023/03/27/33/2788022/tak-memandang-fisik-gabriel-prince-ungkap-kriteria-wanita-idaman\">Tak Memandang Fisik, Gabriel Prince Ungkap Kriteria Wanita Idaman</a></p><p>Foto Gabriel Prince dan rekannya tersebut dibagikan oleh akun Twitter, @m_rifky28. Dalam unggahannya, terlihat sosok diduga Gabriel tengah berciuman dengan seorang laki-laki tak dikenal.</p><p>“Pantes nge-rate Lyodra 3.5, ternyata Gabriel Prince hompimpa alaihim gambreng,” tulis akun tersebut, dikutip Minggu (7/5/23).</p><p><img src=\"https://img.okezone.com/okz/500/library/images/2023/05/07/1l8p6rqb0fnkd71dps5l_18510.jpg\" alt=\"Gabriel Prince\"></p><p>Awalnya pria yang diduga Gabriel Prince terlihat tengah berbincang dengan laki-laki di foto itu. Akan tetapi, mereka kemudian saling berciuman.</p><p>baca juga:</p><p><img src=\"https://img.okezone.com/okz/300/content/2023/03/25/33/2787053/digruduk-fans-lyodra-ginting-gabriel-prince-akhirnya-minta-maaf-tak-ada-niat-pdevKVC0Pj.jpg\" alt=\"\"><a href=\"https://celebrity.okezone.com/read/2023/03/25/33/2787053/digruduk-fans-lyodra-ginting-gabriel-prince-akhirnya-minta-maaf-tak-ada-niat\">Digruduk Fans Lyodra Ginting, Gabriel Prince Akhirnya Minta Maaf: Tak Ada Niat</a></p><p>Mengetahui bahwa namanya menjadi perbincangan, Gabriel pun angkat bicara. Melalui siaran langsung di Instagram-nya, ia terlihat mengajak teman prianya bernama Steven yang diduga berada di foto tersebut.</p><p>Gabriel menjelaskan bahwa unggahan tersebut merupakan video lama. Bahkan ia dan&nbsp;teman prianya tidak benar-benar berciuman.</p>'),
(20, 5, 'olahraga', 'uploads/hasil.jpg', 'Hasil Timnas Indonesia U-22 vs Timor Leste U-22 di', '0000-00-00', '<p><strong>PHNOM PENH </strong>– Tim Nasional <a href=\"https://www.okezone.com/tag/timnas-indonesia-u-22\">(Timnas) Indonesia U-22</a> menang telak 3-0 atas Timor Leste U-22 di laga lanjutan Grup A <a href=\"https://www.okezone.com/tag/sea-games-2023\">SEA Games 2023</a>, pada Minggu (7/5/2023) sore WIB. Bermain di Olympic Stadium, Phnom Penh, Kamboja, pasukan Indra Sjafri yang sempat melempem di babak pertama nyatanya berhasil mengamuk di babak kedua.</p><figure class=\"image\"><img src=\"https://s3-ap-southeast-1.amazonaws.com/images.accesstrade.co.id/4e0cb6fb5fb446d1c92ede2ed8780188/logo_20230120075449.png\" alt=\"Shopee\"></figure><p>Voucher Special Okezone</p><p>5.5 BAGI-BAGI CUAN</p><p>Diskon hingga 70% | Flash Sale Rp 99 | Gratis Ongkir Rp 0 | Big Brand Rush Hour Diskon s/d 80%</p><p><strong>S &amp; K</strong></p><p>LIHAT<br>KODE<strong>YSX</strong>Berakhir Sebelum<strong>📅 31 May 2023</strong></p><p>Ya, awalnya Timnas Indonesia U-22 kesulitan melawan Timor Leste meski unggul 1-0 di babak pertama berkat gol Ramadhan Sananta. Baru di babak kedua Garuda Muda mampu bangkit dan mencetak dua gol tambahan lewat brace Fajar Fathur.</p><p>&nbsp;</p><p>Pause</p><p>Unmute</p><p>&nbsp;</p><p>Loaded: 4.65%</p><p>&nbsp;</p><p>Remaining Time&nbsp;-11:21</p><p>Close Player<a href=\"https://unibots.in/\"><img src=\"https://cdn.unibotscdn.com/ubplayer/logo/ub.svg\" alt=\"Unibots.in\"></a></p><p>&nbsp;</p><p>Dengan kemenangan itu, Timnas Indonesia U-22 lolos ke semifinal SEA Games 2023.</p><p>baca juga:</p><p><img src=\"https://img.okezone.com/okz/300/content/2023/05/07/51/2809787/hasill-sea-games-2023-fajar-fathur-antar-timnas-indonesia-u-22-unggul-2-0-atas-timor-leste-oNCImoBWHe.jpg\" alt=\"\"><a href=\"https://bola.okezone.com/read/2023/05/07/51/2809787/hasil-sea-games-2023-fajar-fathur-antar-timnas-indonesia-u-22-unggul-2-0-atas-timor-leste\">Hasil SEA Games 2023: Fajar Fathur Antar Timnas Indonesia U-22 Unggul 2-0 atas Timor Leste</a></p><p><strong>Jalannya Pertandingan</strong></p><p><strong>Babak Pertama</strong></p><p>Timnas Indonesia U-22 masih memainkan sejumlah pemain andalan untuk melawan Timor Leste. Namun, beberapa posisi terlihat ada pergantian pemain.</p><p>Dengan skema tersebut, Garuda Muda justru kesulitan melawan Timor Leste. Pada awal laga, pasukan Indra Sjafri sempat beberapa kali mengancam gawang Timor Leste.</p><p>Namun, setelahnya Timor Leste benar-benar mengurung pertahanan Timnas Indonesia. Beberapa kali gawang Muhammad Adisatryo terancam.</p><p>Beruntung lini pertahanan Timnas Indonesia U-22 masih solid hingga sulit diruntuhkan. Beberapa peluang Timor Leste U-22 pun memang berbahaya, namun mereka gagal mengeksekusi kesempatan itu dengan baik.</p><p><img src=\"https://img.okezone.com/okz/500/library/images/2023/05/07/yjf1e5pyj6qt2qaweh1p_18832.jpg\" alt=\"Timnas Indonesia U-22 vs Timor Leste U-22\"></p><p>Pada saat laga ingin berakhir, Timnas Indonesia U-22 berhasil mencetak gol berkat aksi Ramadhan Sananta. Meneruskan umpan Fajar Fathur, Sananta melakukan sundulan yang masuk ke gawang Timor Leste.</p><p>Alhasil, skor 1-0 pun menutup babak pertama. Indra Sjafri tentunya tetap harus perlu melakukan sesuatu untuk membuat Timnas Indonesia U-22 bermain lebih baik di babak kedua, sebab mereka kesulitan melawan Timor Leste.</p><p>Perlu diingat, kemenangan atas Timor Leste U-22 akan memastikan skuad Garuda Muda lolos ke babak semifinal SEA Games 2023.</p>'),
(21, 5, 'artis', 'uploads/artis1.jpg', 'Yuki Kato Minta Maaf ke Jessica Mila dan Yakup Has', '0000-00-00', '<p><strong>JAKARTA</strong> - Pernikahan Jessica Mila dan Yakup&nbsp;Hasibuan hingga kini masih menjadi bahan perbincangan yang ramai di kalangan masyarakat. Bukan hanya Jessica Mila saja yang disorot oleh netizen, tetapi beberapa bridesmaidnya juga tak luput dari perhatian.</p><figure class=\"image\"><img src=\"https://s3-ap-southeast-1.amazonaws.com/images.accesstrade.co.id/4e0cb6fb5fb446d1c92ede2ed8780188/logo_20230120075449.png\" alt=\"Shopee\"></figure><p>Voucher Special Okezone</p><p>5.5 BAGI-BAGI CUAN</p><p>Diskon hingga 70% | Flash Sale Rp 99 | Gratis Ongkir Rp 0 | Big Brand Rush Hour Diskon s/d 80%</p><p><strong>S &amp; K</strong></p><p>LIHAT<br>KODE<strong>YSX</strong>Berakhir Sebelum<strong>📅 31 May 2023</strong></p><p>Selain Febby Rastanty yang disorot lantaran membantu untuk mengangkat gaun Mila di acara pemberkatan, netizen juga sibuk mencari sosok <a href=\"https://www.okezone.com/tag/yuki-kato\">Yuki Kato</a>. Pasalnya, gadis 28 tahun itu diketahui merupakan salah satu bridesmaid&nbsp;dari Jessica Mila namun ia justru tak menampakkan batang hidungnya dalam acara tersebut.</p><p>&nbsp;</p><p>&nbsp;</p><p>Advertisement: 0:29</p><p>&nbsp;</p><p>&nbsp;</p><p>Close Player<a href=\"https://unibots.in/\"><img src=\"https://cdn.unibotscdn.com/ubplayer/logo/ub.svg\" alt=\"Unibots.in\"></a></p><p>&nbsp;</p><p>baca juga:</p><p><img src=\"https://img.okezone.com/okz/300/content/2022/05/04/33/2589199/yuki-kato-bagikan-potret-lebaran-bareng-keluarga-ayahnya-bikin-salfok-vMvFuU2Fw8.jpg\" alt=\"\"><a href=\"https://celebrity.okezone.com/read/2022/05/04/33/2589199/yuki-kato-bagikan-potret-lebaran-bareng-keluarga-ayahnya-bikin-salfok\">Yuki Kato Bagikan Potret Lebaran Bareng Keluarga, Ayahnya Bikin Salfok</a></p><p>Baru-baru ini, Yuki Kato akhirnya angkat bicara terkait ketidakhadirannya dalam pernikahan sang sahabat. Melalui akun Instagram Storynya, bintang film .. ini tampak menyampaikan permintaan maafnya karena tak bisa hadir di momen pernikahan Mila dan Yakup.</p><p>\"Selamat atas pernikahannya, love birds!,\" tulis Yuki Kato.</p><p><img src=\"https://img.okezone.com/okz/500/library/images/2023/05/07/6atez6x1f0d9p7hsmqkn_18759.png\" alt=\"Yuki Kato\"></p><p>baca juga:</p><p><img src=\"https://img.okezone.com/okz/300/content/2022/03/15/33/2561916/biodata-dan-agama-yuki-kato-artis-cantik-keturunan-jepang-dikira-non-muslim-vS7B35Kbgq.jpg\" alt=\"\"><a href=\"https://celebrity.okezone.com/read/2022/03/15/33/2561916/biodata-dan-agama-yuki-kato-artis-cantik-keturunan-jepang-dikira-non-muslim\">Biodata dan Agama Yuki Kato, Artis Cantik Keturunan Jepang Dikira Non-Muslim</a></p><p>\"Aku sangat minta maaf karena tak bisa hadir, tapi ketahuilah bahwa kalian berdua ada di pikiran dan doaku saat kalian merayakan pernikahan sucimu,\" sambungnya.</p>'),
(22, 5, 'olahraga', 'uploads/daftar top.jpg', 'Daftar Top Skor SEA Games 2023: Fajar Fathur Memim', '0000-00-00', '<p><strong>DAFTAR </strong>top skor<a href=\"https://www.okezone.com/tag/sea-games-2023\"> SEA Games 2023</a> menarik untuk diketahui. Apalagi ada dua nama pemain Tim Nasional (<a href=\"https://www.okezone.com/tag/timnas-indonesia-u-22\">Timnas) Indonesia U-22</a> yang menguasai peringkat pertama dan kedua dari daftar pencetak gol terbanyak di cabang olahraga (cabor) sepakbola putra SEA Games 2023 tersebut.</p><figure class=\"image\"><img src=\"https://s3-ap-southeast-1.amazonaws.com/images.accesstrade.co.id/4e0cb6fb5fb446d1c92ede2ed8780188/logo_20230120075449.png\" alt=\"Shopee\"></figure><p>Voucher Special Okezone</p><p>5.5 BAGI-BAGI CUAN</p><p>Diskon hingga 70% | Flash Sale Rp 99 | Gratis Ongkir Rp 0 | Big Brand Rush Hour Diskon s/d 80%</p><p><strong>S &amp; K</strong></p><p>LIHAT<br>KODE<strong>YSX</strong>Berakhir Sebelum<strong>📅 31 May 2023</strong></p><p>Pertama ada nama Muhammad Fajar Fathur Rahman yang kini bertengger di puncak klasemen daftar top skor SEA Games 2023. Pemain Borneo FC itu memimpin dengan torehan empat golnya.</p><p>&nbsp;</p><p>Pause</p><p>Unmute</p><p>&nbsp;</p><p>Loaded: 0.64%</p><p>&nbsp;</p><p>Remaining Time&nbsp;-10:16</p><p>Close Player<a href=\"https://unibots.in/\"><img src=\"https://cdn.unibotscdn.com/ubplayer/logo/ub.svg\" alt=\"Unibots.in\"></a></p><p>&nbsp;</p><p>baca juga:</p><p><img src=\"https://img.okezone.com/okz/300/content/2023/05/07/51/2809804/klasemen-grup-a-sea-games-2023-kelar-laga-timnas-indonesia-u-22-vs-timor-leste-nyaman-di-puncak-garuda-muda-kunci-tiket-ke-semifinal-lfYCx62qUE.jpg\" alt=\"\"><a href=\"https://bola.okezone.com/read/2023/05/07/51/2809804/klasemen-grup-a-sea-games-2023-kelar-laga-timnas-indonesia-u-22-vs-timor-leste-nyaman-di-puncak-garuda-muda-kunci-tiket-ke-semifinal\">Klasemen Grup A SEA Games 2023 Kelar Laga Timnas Indonesia U-22 vs Timor Leste: Nyaman di Puncak, Garuda Muda Kunci Tiket ke Semifinal</a></p><p>Gol pertama Fajar Fathur dicetak ketika Timnas Indonesia U-22 menang 3-0 atas Filipina. Lalu Fajar Fathur kembali bersinar di laga kontra Myanmar dengan mencetak satu gol dan membawa Garuda Muda menang 5-0.</p><p>Terbaru, Fajar Fathur mencetak brace kala Timnas Indonesia U-22 menang atas Timor Leste dalam laga yang berakhir pada Minggu (7/5/2023) sore WIB. Timnas Indonesia U-22 yang awalnya kesulitan meski sedang unggul 1-0 atas Timor Leste berhasil keluar dari tekanan berkat Fajar Fathur.</p><p><img src=\"https://img.okezone.com/okz/500/library/images/2023/05/07/getx7r6dcnwg4hs4umde_15632.jpg\" alt=\"Fajar Fathur Rahman\"></p><p>Fajar Fathur mencetak dua gol di laga tersebut dan mengunci kemenangan Timnas Indonesia U-22. Dalam laga tersebut, Fajar Fathur layak disebut man of the match, sebab bahkan gol pertama yang dicetak Ramadhan Sananta pun berawal dari assist Fajar Fathur.</p><p>Sementara itu, Sananta yang juga mencetak gol di laga Timnas Indonesia U-22 vs Timor Leste kini berada di peringkat kedua dalam daftar top skor SEA Games 2023. Pemain PSM Makassar itu tercatat sudah mengoleksi tiga gol.</p>'),
(23, 5, 'olahraga', 'uploads/klasemen.jpg', 'Klasemen Grup A SEA Games 2023 Kelar Laga Timnas Indonesia U-22 vs Timor Leste: Nyaman di Puncak, Ga', '0000-00-00', '<p><strong>KLASEMEN </strong>Grup A <a href=\"https://www.okezone.com/tag/sea-games-2023\">SEA Games 2023</a> kelar laga <a href=\"https://www.okezone.com/tag/timnas-indonesia-u-22\">Timnas Indonesia U-22</a> vs Timor Leste menarik untuk diketahui. Sebab Garuda Muda yang baru saja menang 3-0 atas Timor Leste kini makin mantap bertengger di posisi puncak dengan koleksi sembilan poin.</p><figure class=\"image\"><img src=\"https://s3-ap-southeast-1.amazonaws.com/images.accesstrade.co.id/4e0cb6fb5fb446d1c92ede2ed8780188/logo_20230120075449.png\" alt=\"Shopee\"></figure><p>Voucher Special Okezone</p><p>5.5 BAGI-BAGI CUAN</p><p>Diskon hingga 70% | Flash Sale Rp 99 | Gratis Ongkir Rp 0 | Big Brand Rush Hour Diskon s/d 80%</p><p><strong>S &amp; K</strong></p><p>LIHAT<br>KODE<strong>YSX</strong>Berakhir Sebelum<strong>📅 31 May 2023</strong></p><p>Ya, Timnas Indonesia U-22 baru saja menang atas Timor Leste di laga lanjutan Grup A SEA Games 2023 pada Minggu (7/5/2023) sore WIB. Bermain di Olympic Stadium, Phnom Penh, Kamboja, pasukan Indra Sjafri menang 3-0 berkat gol dari Ramadhan Sananta dan brace Fajar Fathur.</p><p>&nbsp;</p><p>Pause</p><p>Unmute</p><p>&nbsp;</p><p>Loaded: 0.57%</p><p>&nbsp;</p><p>Remaining Time&nbsp;-11:27</p><p>Close Player<a href=\"https://unibots.in/\"><img src=\"https://cdn.unibotscdn.com/ubplayer/logo/ub.svg\" alt=\"Unibots.in\"></a></p><p>&nbsp;</p><p>baca juga:</p><p><img src=\"https://img.okezone.com/okz/300/content/2023/05/07/51/2809793/hasil-timnas-indonesia-u-22-vs-timor-leste-u-22-di-sea-games-2023-menang-3-0-garuda-muda-lolos-ke-semifinal-XGtNqkRaVR.jpg\" alt=\"\"><a href=\"https://bola.okezone.com/read/2023/05/07/51/2809793/hasil-timnas-indonesia-u-22-vs-timor-leste-u-22-di-sea-games-2023-menang-3-0-garuda-muda-lolos-ke-semifinal\">Hasil Timnas Indonesia U-22 vs Timor Leste U-22 di SEA Games 2023: Menang 3-0, Garuda Muda Lolos ke Semifinal</a></p><p>Hasil positif atas Timor Leste itu menjadi kemenangan ketiga Timnas Indonesia U-22 di fase grup. Hal itu berarti Garuda Muda masih sempurna karena mampu melibas tiga laga dengan kemenangan.</p><p>Luar biasanya lagi, tim asuhan Indra Sjafri itu masih clean sheet alias belum kebobolan sama sekali. Seperti saat melawan Filipina, Timnas Indonesia U-22 menang 3-0, lalu kala berjumpa Myanmar menang 5-0, dan terakhir dalam laga melawan Timor Leste, Garuda Muda ngamuk dan menang 5-0.</p><p>Kini Timnas Indonesia U-22 tinggal menyisakan satu pertandingan lagi di fase grup, yakni melawan tim tuan rumah Kamboja. Laga pamungkas Grup A SEA Games 2023 itu akan berlangsung pada Rabu 10 Mei 2023 pukul 19.00 WIB.</p><p><img src=\"https://img.okezone.com/okz/500/library/images/2023/05/07/3p2r550lvkxcu6qiz6u9_12692.jpg\" alt=\"Timnas Indonesia U-22 vs Timor Leste U-22\"></p><p>Meski masih menyisakan satu laga lagi, Timnas Indonesia U-22 sudah mengunci satu tiket ke semifinal. Laga melawan Kamboja pun akan menentukan apakah Timnas Indonesia U-22 bisa menjadi jawara grup atau tidak.</p><p>Pada posisi kedua sendiri saat ini masih dikuasai oleh Kamboja yang baru memainkan dua laga. Tim tuan rumah baru akan memainkan laga ketiganya malam ini, pukul 19.00 WIB dengan melawan Myanmar.</p>'),
(24, 5, 'artis', 'uploads/profil.jpg', 'Profil Dine Mutiara Istri Sahrul Gunawan, CEO Rumah Sakit dengan Dua Anak', '0000-00-00', '<p><strong>JAKARTA</strong> - <a href=\"https://www.okezone.com/tag/Sahrul-Gunawan\">Sahrul Gunawan</a> dan Dine Mutiara akhirnya resmi sah menjadi pasangan suami istri. Pernikahan yang digelar tertutup di Gedong Putih, Kabupaten Bandung Barat (KBB), ini banyak membuat netizen penasaran.</p><p>Tak terkecuali tentang sosok Dine Mutiara yang kini telah sah menjadi istri Sahrul Gunawan. Siapa sangka, bak memang sudah ditakdirkan berjodoh, status Dine juga sama seperti Sahrul.</p><p>&nbsp;</p><p>Pause</p><p>Unmute</p><p>&nbsp;</p><p>Loaded: 6.39%</p><p>&nbsp;</p><p>Remaining Time&nbsp;-11:22</p><p>Close Player<a href=\"https://unibots.in/\"><img src=\"https://cdn.unibotscdn.com/ubplayer/logo/ub.svg\" alt=\"Unibots.in\"></a></p><p>&nbsp;</p><p>baca juga:</p><p><img src=\"https://img.okezone.com/okz/300/content/2023/05/06/33/2809438/sah-sahrul-gunawan-resmi-jadi-suami-dine-mutiara-xF5Vgdt8Vx.jpeg\" alt=\"\"><a href=\"https://celebrity.okezone.com/read/2023/05/06/33/2809438/sah-sahrul-gunawan-resmi-jadi-suami-dine-mutiara\">Sah, Sahrul Gunawan Resmi Jadi Suami Dine Mutiara</a></p><p><img src=\"https://img.okezone.com/okz/500/library/images/2023/05/06/y9gnhytuvylmiki89ioq_12021.jpeg\" alt=\"Profil Dine Mutiara, istri Sahrul Gunawan\"></p><p>Jika Sahrul Gunawan merupakan seorang duda tiga anak, Dine ternyata merupakan seorang janda yang telah memiliki dua anak dari pernikahan sebelumnya.</p><p>Namun tak banyak yang tahu, bahwa Dine Mutiara merupakan bos dari salah satu rumah sakit, yakni CEO dari AMC Hospital, yang berada di Jalan Raya Cileunyi No.01 Bandung.</p><p>Perempuan kelahiran Jakarta, 21 Desember 1980 ini juga menjabat sebagai ketua TPPS (Tim Percepatan Penurunan Stunting) sehingga sering berkunjung ke berbagai rumah sakit yang ada di Bandung.</p><p>Tak hanya sebagai CEO di rumah sakit, Dine Mutiara juga merupakan seorang politisi perempuan, yakni Wakil Ketua Partai Demokrat DPD Jawa Barat. Ia merupakan lulusan Magister Manajemen Bisnis Universitas Katolik Parahyangan.</p><p>Dine juga kerap membagikan potret kesehariannya melalui akun Instagramnya, @dine.pearl. Dari beberapa unggahannya terlihat, perempuan satu ini memiliki gaya hidup nan mewah dan tampilan fashion yang berkelas.</p>'),
(25, 5, 'artis', 'uploads/virgoun.jpg', 'Dilaporkan Tenri Anisa ke Polisi, Virgoun Janji Akan Kooperatif', '0000-00-00', '<p><strong>JAKARTA</strong> - Tenri Ajeng Anisa turut melaporkan <a href=\"https://www.okezone.com/tag/virgoun\">Virgoun</a> ke Polda Metro Jaya pada Jumat, 5 Mei 2023 kemarin. Wanita yang dituding sebagai pelakor dalam rumah tangga Virgoun dan Inara Rusli itu diketahui melaporkan pasangan tersebut atas tudingan pencemaran nama baik.</p><figure class=\"image\"><img src=\"https://s3-ap-southeast-1.amazonaws.com/images.accesstrade.co.id/4e0cb6fb5fb446d1c92ede2ed8780188/logo_20230120075449.png\" alt=\"Shopee\"></figure><p>Voucher Special Okezone</p><p>5.5 BAGI-BAGI CUAN</p><p>Diskon hingga 70% | Flash Sale Rp 99 | Gratis Ongkir Rp 0 | Big Brand Rush Hour Diskon s/d 80%</p><p><strong>S &amp; K</strong></p><p>LIHAT<br>KODE<strong>YSX</strong>Berakhir Sebelum<strong>📅 31 May 2023</strong></p><p>Usai dilaporkan, Virgoun dan juga tim kuasa hukumnya mengaku sudah mengetahui hal tersebut. Namun, Sandy Arifin mengaku masih belum bisa berkata banyak terkait laporan Tenri Anisa, lantaran ia sendiri belum mempelajari laporan tersebut.</p><p>&nbsp;</p><p>Loaded: 10.37%</p><p>\"Kami sudah mendapat kabar, informasi, insyaallah kami dari tim kuasa hukum Virgoun hari Senin akan mengkonfirmasi, mempelajari laporan bilamana memang klein kami memang dilaporkan,\" kata Sandy Arifin, selaku kuasa hukum Virgoun saat ditemui beberapa waktu lalu.\"Beliau juga sudah tahu, intinya kita menghormati proses hukum bilamana ada laporan,\" lanjutnya.</p><p><img src=\"https://img.okezone.com/okz/500/library/images/2020/11/19/rvgdf0p8bbbu9onsny9x_21884.jpg\" alt=\"Virgoun\"></p><p>baca juga:</p><p><img src=\"https://img.okezone.com/okz/300/content/2023/05/05/33/2808789/bantah-settingan-tenri-anisa-mantap-laporkan-virgoun-dan-inara-rusli-PTCSlIJXkF.jpg\" alt=\"\"><a href=\"https://celebrity.okezone.com/read/2023/05/05/33/2808789/bantah-settingan-tenri-anisa-mantap-laporkan-virgoun-dan-inara-rusli\">Bantah Settingan, Tenri Anisa Mantap Laporkan Virgoun dan Inara Rusli</a></p><p>Sementara itu, Sandy memastikan jika pihaknya akan kooperatif apabila Virgoun kelak mendapatkan panggilan untuk menjalani pemeriksaan oleh pihak kepolisian.</p><p>\"Bila juga ada panggilan kami akan kooperatif, akan menghormati proses penyidikan, misalnya memang ada laporan yang dilaporkan kepada klien kami,\" bebernya.</p>'),
(26, 8, 'politik', 'uploads/penerbangan.jpg', 'Penerbangan Reguler Selama KTT ASEAN di Labuan Bajo', '2023-05-03', '<p><strong>JAKARTA - </strong><a href=\"https://www.okezone.com/tag/menhub\"><strong>Menteri Perhubungan</strong></a> (Menhub) Budi Karya Sumadi memastikan tidak menutup penerbangan reguler selama penyelenggaraan Konferensi Tingkat Tinggi (KTT) ke-42 ASEAN 2023 di Labuan Bajo, Manggarai Barat, Nusa Tenggara Timur (NTT) pada 9 hingga 11 Mei 2023 mendatang.</p><p>“Selama kegiatan<a href=\"https://www.okezone.com/tag/ktt-asean\"><strong> KTT ASEAN </strong></a>berlangsung, kami tidak menutup akses penerbangan reguler dari dan ke Labuan Bajo, bahkan operasional bandara kami buka 24 jam dan ada penambahan atau extra flight, untuk penerbangan reguler,” ujar Menhub dalam keterangan resminya, Minggu (7/5/2023).</p><p>Meski begitu, Menhub mengatakan akan melakukan pengaturan dan pemenuhan aspek keselamatan, keamanan, dan kelancaran lima jenis penerbangan yaitu VVIP, militer, charter, private, maupun penerbangan reguler.</p><p>baca juga:</p><p><img src=\"https://img.okezone.com/okz/300/content/2023/05/07/337/2809813/jelang-ktt-asean-menhub-jamin-keamanan-lalu-lintas-penerbangan-bWZkhpwQVK.jpg\" alt=\"\"><a href=\"https://nasional.okezone.com/read/2023/05/07/337/2809813/jelang-ktt-asean-menhub-jamin-keamanan-lalu-lintas-penerbangan\">Jelang KTT ASEAN, Menhub Jamin Keamanan Lalu Lintas Penerbangan</a></p><p>“Di satu sisi, kami berupaya meminimalkan dampak gangguan penerbangan para tamu undangan dan delegasi. Di sisi lain, kami juga berupaya semaksimal mungkin agar masyarakat masih bisa masih bisa berwisata menikmati keindahan Labuan Bajo di saat penyelenggaraan KTT ASEAN. Ini adalah momentum yang baik untuk mempromosikan Labuan Bajo secara nasional maupun internasional,” kata Menhub.</p>'),
(27, 8, 'politik', 'uploads/jelang.jpg', 'Jelang KTT ASEAN, Menhub Jamin Keamanan Lalu Lintas Penerbangan', '2023-05-02', '<p>(Menhub) Budi Karya Sumadi pun menjamin keamanan lalu lintas penerbangan dari dan ke Bandara Komodo, Labuan Bajo. Kesiapan itu telah dilaporkan Menhub kepada Presiden Jokowi saat peninjauan lokasi <a href=\"https://www.okezone.com/tag/ktt-asean\"><strong>KTT ASEAN</strong></a>, Minggu (7/5/2023).</p><p>Menhub mengatakan akan melakukan pemenuhan aspek keselamatan, keamanan dan kelancaran lima jenis penerbangan yaitu VVIP, militer, charter, private, maupun penerbangan reguler. Bahkan, telah dilakukan sejumlah pengaturan untuk menyeimbangkan pergerakan kelima jenis penerbangan tersebut.</p><p>“Selama kegiatan KTT ASEAN berlangsung, kami tidak menutup akses penerbangan reguler dari dan ke Labuan Bajo, bahkan operasional bandara kami buka 24 jam dan ada penambahan atau extra flight, untuk penerbangan reguler,” ujar Menhub dalam keterangan resminya.</p><p>Pengaturan tersebut tertuang dalam Surat Edaran (SE) Direktur Jenderal Perhubungan Udara Nomor SE 6 Tahun 2023 tentang Pengaturan Operasional Penerbangan Selama Penyelenggaraan KTT ASEAN ke-42 Tahun 2023 di Bandar Udara Komodo, Labuan Bajo, yang telah diterbitkan pada 18 April 2023 dan mulai berlaku pada 7 sampai 13 Mei 2023.</p>'),
(28, 8, 'politik', 'uploads/erick.jpg', 'Elite PAN Sebut Erick Thohir Sosok yang Dibutuhkan Indonesia', '2023-05-02', '<p><strong>JAKARTA </strong>- Wakil Ketua Umum PAN Yandri Susanto, mendoakan agar<a href=\"https://www.okezone.com/tag/erick-thohir\"><strong>&nbsp;</strong></a>mendoakan agar Menteri BUMN yang juga Ketua Umum (Ketum) PSSI, <a href=\"https://www.okezone.com/tag/erick-thohir\"><strong>Erick Thohir</strong></a> sebagai Wakil Presiden. Elite&nbsp;<a href=\"https://www.okezone.com/tag/pan\"><strong>PAN </strong></a>itu pun menyebut bahwa sosok seperti Erick Thohir dibutuhkan Indonesia.</p><figure class=\"image\"><img src=\"https://s3-ap-southeast-1.amazonaws.com/images.accesstrade.co.id/4e0cb6fb5fb446d1c92ede2ed8780188/logo_20230120075449.png\" alt=\"Shopee\"></figure><p>Voucher Special Okezone</p><p>5.5 BAGI-BAGI CUAN</p><p>Diskon hingga 70% | Flash Sale Rp 99 | Gratis Ongkir Rp 0 | Big Brand Rush Hour Diskon s/d 80%</p><p><strong>S &amp; K</strong></p><p>LIHAT<br>KODE<strong>YSX</strong>Berakhir Sebelum<strong>📅 31 May 2023</strong></p><p>\"Republik ini butuh sosok Bang Erick Thohir, saya mendoakan insyaallah besok menjadi wakil presiden,” ujar Yandri dilansir Antara, Minggu (7/5/2023).</p><p>Yandri mengatakan, Erick Thohir sosok yang mampu memberikan kesejukan dan menentramkan bagi seluruh masyarakat Indonesia. Karenanya, pemimpin andalan dan kepercayaan Presiden Jokowi ini dinyatakan oleh Yandri cocok untuk menjadi pendamping presiden selanjutnya.</p><p>\"Kami lihat, sosok Bang Erick Thohir ini sangat menyejukkan dan menenteramkan buat kita semua,\" ujarnya.</p><p>baca juga:</p><p><img src=\"https://img.okezone.com/okz/300/content/2023/05/07/320/2809803/pertumbuhan-ekonomi-asean-belum-kebal-krisis-global-OiIx9F195U.jpg\" alt=\"\"><a href=\"https://economy.okezone.com/read/2023/05/07/320/2809803/pertumbuhan-ekonomi-asean-belum-kebal-krisis-global\">Pertumbuhan Ekonomi ASEAN Belum Kebal Krisis Global</a></p><p>Seperti diketahui, Erick Thohir menjadi salah satu sosok pemimpin potensial untuk menjadi Wakil Presiden Indonesia selanjutnya. Berdasarkan hasil survei berbagai lembaga, nama Erick Thohir berada di posisi teraras dalam bursa cawapres Pilpres 2024.</p><p>baca juga:</p><p><img src=\"https://img.okezone.com/okz/300/content/2023/05/07/320/2809803/pertumbuhan-ekonomi-asean-belum-kebal-krisis-global-OiIx9F195U.jpg\" alt=\"\"><a href=\"https://economy.okezone.com/read/2023/05/07/320/2809803/pertumbuhan-ekonomi-asean-belum-kebal-krisis-global\">Pertumbuhan Ekonomi ASEAN Belum Kebal Krisis Global</a></p><p>Seperti diungkapkan oleh hasil survei bulan April Poltracking Indonesia, Erick Thohir berada di posisi pertama bursa cawapres dengan elektabilitas 17,1 persen. Ia mengungguli para politisi lama seperti Gubernur Jawa Barat (Jabar) Ridwan Kamil, Menparekraf Sandiaga Uno dan Ketum Partai Demokrat Agus Harimurti Yudhoyono (AHY).</p>');

-- --------------------------------------------------------

--
-- Struktur dari tabel `komentar`
--

CREATE TABLE `komentar` (
  `ID_komen` int(11) NOT NULL,
  `ID_Admin` int(11) NOT NULL,
  `ID_Berita` int(11) NOT NULL,
  `Nama` varchar(50) NOT NULL,
  `Isi` varchar(1000) NOT NULL
) ENGINE=InnoDB DEFAULT CHARSET=utf8mb4;

--
-- Dumping data untuk tabel `komentar`
--

INSERT INTO `komentar` (`ID_komen`, `ID_Admin`, `ID_Berita`, `Nama`, `Isi`) VALUES
(95, 9, 10, 'user', 'Hai'),
(96, 10, 10, 'Zaki', 'Hai juga');

-- --------------------------------------------------------

--
-- Struktur dari tabel `rate`
--

CREATE TABLE `rate` (
  `ID_Berita` int(11) NOT NULL,
  `ID_Admin` int(11) NOT NULL,
  `Rating` varchar(50) NOT NULL
) ENGINE=InnoDB DEFAULT CHARSET=utf8mb4;

--
-- Dumping data untuk tabel `rate`
--

INSERT INTO `rate` (`ID_Berita`, `ID_Admin`, `Rating`) VALUES
(21, 5, 'Baik'),
(10, 8, 'Cukup Baik'),
(10, 10, 'Sangat Buruk');

--
-- Indexes for dumped tables
--

--
-- Indeks untuk tabel `admin`
--
ALTER TABLE `admin`
  ADD PRIMARY KEY (`ID_Admin`);

--
-- Indeks untuk tabel `artikel`
--
ALTER TABLE `artikel`
  ADD PRIMARY KEY (`ID_Berita`),
  ADD KEY `admin3` (`ID_Admin`);

--
-- Indeks untuk tabel `berita`
--
ALTER TABLE `berita`
  ADD PRIMARY KEY (`ID_Berita`),
  ADD KEY `admin5` (`ID_Admin`);

--
-- Indeks untuk tabel `komentar`
--
ALTER TABLE `komentar`
  ADD PRIMARY KEY (`ID_komen`),
  ADD KEY `ID_Berita` (`ID_Berita`),
  ADD KEY `admin6` (`ID_Admin`);

--
-- AUTO_INCREMENT untuk tabel yang dibuang
--

--
-- AUTO_INCREMENT untuk tabel `admin`
--
ALTER TABLE `admin`
  MODIFY `ID_Admin` int(11) NOT NULL AUTO_INCREMENT, AUTO_INCREMENT=11;

--
-- AUTO_INCREMENT untuk tabel `artikel`
--
ALTER TABLE `artikel`
  MODIFY `ID_Berita` int(11) NOT NULL AUTO_INCREMENT, AUTO_INCREMENT=33;

--
-- AUTO_INCREMENT untuk tabel `berita`
--
ALTER TABLE `berita`
  MODIFY `ID_Berita` int(11) NOT NULL AUTO_INCREMENT, AUTO_INCREMENT=29;

--
-- AUTO_INCREMENT untuk tabel `komentar`
--
ALTER TABLE `komentar`
  MODIFY `ID_komen` int(11) NOT NULL AUTO_INCREMENT, AUTO_INCREMENT=97;

--
-- Ketidakleluasaan untuk tabel pelimpahan (Dumped Tables)
--

--
-- Ketidakleluasaan untuk tabel `artikel`
--
ALTER TABLE `artikel`
  ADD CONSTRAINT `admin3` FOREIGN KEY (`ID_Admin`) REFERENCES `admin` (`ID_Admin`) ON DELETE CASCADE ON UPDATE CASCADE;

--
-- Ketidakleluasaan untuk tabel `berita`
--
ALTER TABLE `berita`
  ADD CONSTRAINT `admin5` FOREIGN KEY (`ID_Admin`) REFERENCES `admin` (`ID_Admin`) ON DELETE CASCADE ON UPDATE CASCADE;

--
-- Ketidakleluasaan untuk tabel `komentar`
--
ALTER TABLE `komentar`
  ADD CONSTRAINT `admin6` FOREIGN KEY (`ID_Admin`) REFERENCES `admin` (`ID_Admin`) ON DELETE CASCADE ON UPDATE CASCADE,
  ADD CONSTRAINT `komentar_ibfk_1` FOREIGN KEY (`ID_Berita`) REFERENCES `berita` (`ID_Berita`) ON DELETE CASCADE ON UPDATE CASCADE;
COMMIT;

/*!40101 SET CHARACTER_SET_CLIENT=@OLD_CHARACTER_SET_CLIENT */;
/*!40101 SET CHARACTER_SET_RESULTS=@OLD_CHARACTER_SET_RESULTS */;
/*!40101 SET COLLATION_CONNECTION=@OLD_COLLATION_CONNECTION */;
